{"cameraMode":{"drawMode":0,"name":"Shaded","section":"Shading Mode"},"sceneLighting":true,"audioPlay":false,"sceneViewState":{"showFog":true,"showMaterialUpdate":false,"showSkybox":true,"showFlares":true,"showImageEffects":true,"showParticleSystems":true},"in2DMode":false,"pivot":{"x":-2.294455051422119,"y":9.979827880859375,"z":-0.36655426025390627},"rotation":{"x":-0.0006056869169697166,"y":0.9993823170661926,"z":0.022180257365107538,"w":0.027290930971503259},"size":10.0,"orthographic":false}